referee,Referee_id
"Andre Marriner, England",1
"Martin Atkinson, England",2
"Kevin Friend, England",3
"Mike Dean, England",4
"Chris Kavanagh, England",5
"Jonathan Moss, England",6
"Craig Pawson, England",7
"Anthony Taylor, England",8
"Graham Scott, England",9
"Michael Oliver, England",10
"Paul Tierney, England",11
"Lee Mason, England",12
"Stuart Attwell, England",13
"Lee Probert, England",14
"David Coote, England",15
"Roger East, England",16
"Simon Hooper, England",17
"Andy Madley, England",18
"Neil Swarbrick, England",19
"Mike Jones, England",20
"Robert Madley, England",21
"Mark Clattenburg, England",22
"Peter Bankes, England",23
"Tim Robinson, England",24
"Robert Jones, England",25
"England Darren, England",26
"Daniel Cook, England",27
"Keith Stroud, England",28
"Chris Foy, England",29
"Phil Dowd, England",30
K. Friend,31
J. Moss,32
C. Kavanagh,33
M. Oliver,34
M. Atkinson,35
A. Taylor,36
S. Attwell,37
C. Pawson,38
M. Dean,39
G. Scott,40
P. Tierney,41
L. Mason,42
D. Coote,43
A. Marriner,44
P. Bankes,45
S. Hooper,46
A. Madley,47
D. England,48
R. Jones,49
"Jarred Gillett, Australia",50
"Salisbury Michael, England",51
"John Brooks, England",52
"Tony Harrington, England",53